MeetingID,Date,JetBet,Track,DayType,MeetingType,Club,MeetingName,TrackCondition,TrackConditionScale,TrackWeather,Rail,RaceID,RaceNumber,RaceGroup,RaceType,Distance,RaceClass,RaceName,Stake,Time,NoAllowances,MinWeight,ClassAge,Class,ClassGender,ClassWeight,RaceTrackCondition,RaceTrackConditionScale,RaceWeather,HorseID,ToteNumber,Barrier,HorseName,Age,Gender,Weight,Finishingposition,Actualtime,Last600mTime,Decimalmargin,Traditionalmargin,Trainer,TrainerLocation,StartingPriceWin,StartingPricePlace,Stake,JockeyName,CarriedWeight,WeightDifference,DomesticRating,HurdlesRating,SteeplesRating,GearWorn,SireID,Sire,DamID,Dam
49655,2021-01-21,6,"Riccarton Park","Industry","Race","Riccarton Park - Canterbury JC","CANTERBURY JC 21 JAN","Dead",4,"Showery","True",210430,1,,Flat,2000,"MDN","NOBLE STAR & KAITOA CHRIS JOHNSON CELEBRATION",10000.00,13:02:00,"N",,"Unrestricted","Maiden","unrestricted","sw","Dead",4,"Showery",352436,1,7,"Eisenhower","5","g",58.50,2,2.05.34,0.34.44,0.10," 3/4 LEN","Bruce Tapper","Timaru",5.00,1.60,1500.00,"Gosen Jogoo",58.50,0.00,54,0,0,"Approved Plates, Lugging Bit, Side Winkers, Tongue Tie",238720,"EKRAAR (USA) 1997",266977,"EYE FOR FASHION (NZ) 2008",
49655,2021-01-21,6,"Riccarton Park","Industry","Race","Riccarton Park - Canterbury JC","CANTERBURY JC 21 JAN","Dead",4,"Showery","True",210430,1,,Flat,2000,"MDN","NOBLE STAR & KAITOA CHRIS JOHNSON CELEBRATION",10000.00,13:02:00,"N",,"Unrestricted","Maiden","unrestricted","sw","Dead",4,"Showery",363251,2,2,"Speights","4","g",58.50,7,2.05.73,0.35.57,2.90," ","Brian & Shane Anderton","Wingatui",7.10,0.00,200.00,"Corey Campbell",57.50,1.00,51,0,0,"Approved Plates, Lugging Bit, Blinkers",324908,"JAKKALBERRY (IRE) 2006",246678,"LONHRIELLE (NZ) 2005",
49655,2021-01-21,6,"Riccarton Park","Industry","Race","Riccarton Park - Canterbury JC","CANTERBURY JC 21 JAN","Dead",4,"Showery","True",210430,1,,Flat,2000,"MDN","NOBLE STAR & KAITOA CHRIS JOHNSON CELEBRATION",10000.00,13:02:00,"N",,"Unrestricted","Maiden","unrestricted","sw","Dead",4,"Showery",331252,3,4,"Pax Vobiscum","6","g",58.50,9,2.06.12,0.36.07,5.50," ","Andrew Carston","Riccarton Park",18.50,0.00,200.00,"Jacob Lowry",58.50,0.00,50,0,0,"Approved Plates, Lugging Bit, Side Winkers, Tongue Tie",236672,"METTRE EN JEU (NZ) 2003",235913,"PERFECT PEACE (NZ) 2003",
49655,2021-01-21,6,"Riccarton Park","Industry","Race","Riccarton Park - Canterbury JC","CANTERBURY JC 21 JAN","Dead",4,"Showery","True",210430,1,,Flat,2000,"MDN","NOBLE STAR & KAITOA CHRIS JOHNSON CELEBRATION",10000.00,13:02:00,"N",,"Unrestricted","Maiden","unrestricted","sw","Dead",4,"Showery",318284,4,1,"Bahhgoofy","7","g",58.50,8,2.05.93,0.35.54,4.20," ","Daniel Champion & Kezia Murphy","Riccarton Park",23.20,0.00,200.00,"Tina Comignaghi",58.50,0.00,45,0,0,"Approved Plates, Lugging Bit, Side Winkers",206002,"BAHHARE (USA) 1994",180351,"SAILING HIGH (NZ) 1994",
49655,2021-01-21,6,"Riccarton Park","Industry","Race","Riccarton Park - Canterbury JC","CANTERBURY JC 21 JAN","Dead",4,"Showery","True",210430,1,,Flat,2000,"MDN","NOBLE STAR & KAITOA CHRIS JOHNSON CELEBRATION",10000.00,13:02:00,"N",,"Unrestricted","Maiden","unrestricted","sw","Dead",4,"Showery",361860,5,6,"Final Lot","4","g",58.50,1,2.05.33,0.34.70,," NOSE","John & Karen Parsons","Balcairn",13.20,3.80,5400.00,"Chris Johnson",58.50,0.00,45,0,0,"Approved Plates, Lugging Bit, Blinkers (1st time)",313563,"HIGHLY RECOMMENDED (AUS) 2008",232198,"LOTS AND LOTS (NZ) 2002",
49655,2021-01-21,6,"Riccarton Park","Industry","Race","Riccarton Park - Canterbury JC","CANTERBURY JC 21 JAN","Dead",4,"Showery","True",210430,1,,Flat,2000,"MDN","NOBLE STAR & KAITOA CHRIS JOHNSON CELEBRATION",10000.00,13:02:00,"N",,"Unrestricted","Maiden","unrestricted","sw","Dead",4,"Showery",356740,6,8,"Lancaster Park","4","g",58.50,5,2.05.60,0.35.63,2.00," ","Ross Beckett","Yaldhurst",21.60,0.00,200.00,"Kin Kwo",56.50,2.00,45,0,0,"Approved Plates, Lugging Bit",265282,"OCEAN PARK (NZ) 2008",229440,"BEYOND (NZ) 2002",
49655,2021-01-21,6,"Riccarton Park","Industry","Race","Riccarton Park - Canterbury JC","CANTERBURY JC 21 JAN","Dead",4,"Showery","True",210430,1,,Flat,2000,"MDN","NOBLE STAR & KAITOA CHRIS JOHNSON CELEBRATION",10000.00,13:02:00,"N",,"Unrestricted","Maiden","unrestricted","sw","Dead",4,"Showery",375193,7,3,"William John","3","g",57.00,10,2.07.46,0.37.55,14.40," ","Stephanie Clark","Timaru",25.60,0.00,200.00,"Tanya Jonker",57.00,0.00,45,0,0,"Approved Plates, Lugging Bit, Side Winkers",338027,"GHIBELLINES (AUS) 2011",200118,"SUMTIME (NZ) 1998",
49655,2021-01-21,6,"Riccarton Park","Industry","Race","Riccarton Park - Canterbury JC","CANTERBURY JC 21 JAN","Dead",4,"Showery","True",210430,1,,Flat,2000,"MDN","NOBLE STAR & KAITOA CHRIS JOHNSON CELEBRATION",10000.00,13:02:00,"N",,"Unrestricted","Maiden","unrestricted","sw","Dead",4,"Showery",347363,8,9,"Miss Tavi","5","m",56.50,3,2.05.44,0.34.95,0.90," 1/2 HEAD","Lyn Prendergast","West Melton",5.70,1.80,700.00,"Courtney Barnes",56.50,0.00,53,0,0,"Approved Plates, Lugging Bit, Blinkers",248656,"TAVISTOCK (NZ) 2005",247115,"QUI VIVRA VERRA (NZ) 2005",
49655,2021-01-21,6,"Riccarton Park","Industry","Race","Riccarton Park - Canterbury JC","CANTERBURY JC 21 JAN","Dead",4,"Showery","True",210430,1,,Flat,2000,"MDN","NOBLE STAR & KAITOA CHRIS JOHNSON CELEBRATION",10000.00,13:02:00,"N",,"Unrestricted","Maiden","unrestricted","sw","Dead",4,"Showery",340462,9,10,"Volvik","5","m",56.50,4,2.05.45,0.35.12,1.00," 1 LEN","Lyn Prendergast","West Melton",4.80,0.00,400.00,"Kylie Williams",56.50,0.00,53,0,0,"Approved Plates, Lugging Bit, Blinkers",248656,"TAVISTOCK (NZ) 2005",251674,"VOLKARA (NZ) 2006",
49655,2021-01-21,6,"Riccarton Park","Industry","Race","Riccarton Park - Canterbury JC","CANTERBURY JC 21 JAN","Dead",4,"Showery","True",210430,1,,Flat,2000,"MDN","NOBLE STAR & KAITOA CHRIS JOHNSON CELEBRATION",10000.00,13:02:00,"N",,"Unrestricted","Maiden","unrestricted","sw","Dead",4,"Showery",364292,10,5,"The Emporess","4","m",56.50,6,2.05.66,0.34.97,2.40," ","Michael & Matthew Pitman","Yaldhurst, Riccarton Park",4.80,0.00,200.00,"Samantha Wynne",56.50,0.00,50,0,0,"Approved Plates, Lugging Bit, Side Winkers",337555,"PROISIR (AUS) 2009",254668,"KENDALL MARIE (NZ) 2006",
49655,2021-01-21,6,"Riccarton Park","Industry","Race","Riccarton Park - Canterbury JC","CANTERBURY JC 21 JAN","Dead",4,"Showery","True",210431,2,,Flat,1600,"MDN","ROUGH HABIT CHRIS JOHNSON CELEBRATION",10000.00,13:38:00,"N",,"Unrestricted","Maiden","unrestricted","sw","Dead",4,"Showery",339970,1,2,"Laphroaig","5","g",58.50,1,1.37.00,0.35.84,," 1/2 LEN","Shane Kennedy & Anna Furlong","Riccarton Park",3.20,1.50,5400.00,"Daniel Bothamley",58.50,0.00,53,0,0,"Approved Plates, Lugging Bit, Side Winkers on, Nasal Strip, Nose Band on",278342,"THEWAYYOUARE (USA) 2005",251903,"SANDIE (NZ) 2006",
49655,2021-01-21,6,"Riccarton Park","Industry","Race","Riccarton Park - Canterbury JC","CANTERBURY JC 21 JAN","Dead",4,"Showery","True",210431,2,,Flat,1600,"MDN","ROUGH HABIT CHRIS JOHNSON CELEBRATION",10000.00,13:38:00,"N",,"Unrestricted","Maiden","unrestricted","sw","Dead",4,"Showery",358278,2,4,"Kristofferson","4","g",58.50,9,1.37.79,0.35.67,5.20," ","Andrew Carston","Riccarton Park",5.90,0.00,200.00,"Samantha Wynne",58.50,0.00,51,0,0,"Approved Plates, Lugging Bit, Side Winkers, Tongue Tie",255989,"IFFRAAJ (GB) 2001",278125,"THEATRICS (AUS) 2009",
49655,2021-01-21,6,"Riccarton Park","Industry","Race","Riccarton Park - Canterbury JC","CANTERBURY JC 21 JAN","Dead",4,"Showery","True",210431,2,,Flat,1600,"MDN","ROUGH HABIT CHRIS JOHNSON CELEBRATION",10000.00,13:38:00,"N",,"Unrestricted","Maiden","unrestricted","sw","Dead",4,"Showery",323076,3,6,"He's Irish","7","g",58.50,7,1.37.73,0.36.49,4.70," ","Michael Osborne","West Melton",27.40,0.00,200.00,"Zubair Bholah",55.50,3.00,50,0,0,"Approved Plates, Lugging Bit, Nose Band",270278,"SAKHEE'S SECRET (GB) 2004",225579,"SNAABELLE (AUS) 1996",
49655,2021-01-21,6,"Riccarton Park","Industry","Race","Riccarton Park - Canterbury JC","CANTERBURY JC 21 JAN","Dead",4,"Showery","True",210431,2,,Flat,1600,"MDN","ROUGH HABIT CHRIS JOHNSON CELEBRATION",10000.00,13:38:00,"N",,"Unrestricted","Maiden","unrestricted","sw","Dead",4,"Showery",360277,4,1,"Listenlikethieves","4","g",58.50,3,1.37.13,0.35.74,0.70," 1 1/4 LEN","John Blackadder","Rangiora",23.20,5.30,700.00,"Brett Murray",58.50,0.00,47,0,0,"Approved Plates, Lugging Bit, Blinkers",271558,"SHAMEXPRESS (NZ) 2009",232549,"MYSTIFY (NZ) 2002",
49655,2021-01-21,6,"Riccarton Park","Industry","Race","Riccarton Park - Canterbury JC","CANTERBURY JC 21 JAN","Dead",4,"Showery","True",210431,2,,Flat,1600,"MDN","ROUGH HABIT CHRIS JOHNSON CELEBRATION",10000.00,13:38:00,"N",,"Unrestricted","Maiden","unrestricted","sw","Dead",4,"Showery",354806,5,3,"Sourire De Sothys","4","g",58.50,2,1.37.09,0.35.06,0.50," 1/2 NECK","Kevin & Pam Hughes","Riccarton Park",7.10,2.60,1500.00,"Chris Johnson",58.50,0.00,46,0,0,"Approved Plates, Lugging Bit, Blinkers, Pacifiers, Ear Covers",255989,"IFFRAAJ (GB) 2001",238068,"SECRET HALO (NZ) 2003",
49655,2021-01-21,6,"Riccarton Park","Industry","Race","Riccarton Park - Canterbury JC","CANTERBURY JC 21 JAN","Dead",4,"Showery","True",210431,2,,Flat,1600,"MDN","ROUGH HABIT CHRIS JOHNSON CELEBRATION",10000.00,13:38:00,"N",,"Unrestricted","Maiden","unrestricted","sw","Dead",4,"Showery",346930,7,10,"Disco Deejay","5","g",58.50,11,1.39.78,0.36.96,18.40," ","Leonard Stewart","Timaru",60.40,0.00,200.00,"Gosen Jogoo",58.50,0.00,45,0,0,"Approved Plates, Lugging Bit, Ear Covers, Tongue Tie",264625,"ROCK 'N' POP (AUS) 2008",240096,"VANNISTA BELLE (NZ) 2004",
49655,2021-01-21,6,"Riccarton Park","Industry","Race","Riccarton Park - Canterbury JC","CANTERBURY JC 21 JAN","Dead",4,"Showery","True",210431,2,,Flat,1600,"MDN","ROUGH HABIT CHRIS JOHNSON CELEBRATION",10000.00,13:38:00,"N",,"Unrestricted","Maiden","unrestricted","sw","Dead",4,"Showery",368923,9,12,"Allasera","3","g",57.00,5,1.37.58,0.34.82,3.80," ","Andrew Carston","Riccarton Park",8.00,0.00,200.00,"Kylie Williams",57.00,0.00,45,0,0,"Approved Plates, Lugging Bit",300223,"ZACINTO (GB) 2006",305273,"FASCINATE ME (NZ) 2012",
49655,2021-01-21,6,"Riccarton Park","Industry","Race","Riccarton Park - Canterbury JC","CANTERBURY JC 21 JAN","Dead",4,"Showery","True",210431,2,,Flat,1600,"MDN","ROUGH HABIT CHRIS JOHNSON CELEBRATION",10000.00,13:38:00,"N",,"Unrestricted","Maiden","unrestricted","sw","Dead",4,"Showery",343395,10,8,"Western Girl","5","m",56.50,4,1.37.31,0.34.88,2.00," 1 3/4 LEN","Andrew Carston","Riccarton Park",5.00,0.00,400.00,"Kozzi Asano",55.50,1.00,50,0,0,"Approved Plates, Lugging Bit, Blinkers, Nose Band",255989,"IFFRAAJ (GB) 2001",250864,"EXQUISITE CHOICE (AUS) 2006",
49655,2021-01-21,6,"Riccarton Park","Industry","Race","Riccarton Park - Canterbury JC","CANTERBURY JC 21 JAN","Dead",4,"Showery","True",210431,2,,Flat,1600,"MDN","ROUGH HABIT CHRIS JOHNSON CELEBRATION",10000.00,13:38:00,"N",,"Unrestricted","Maiden","unrestricted","sw","Dead",4,"Showery",352281,11,7,"Amazon Goddess","4","m",56.50,6,1.37.61,0.36.14,4.00," ","Kenny Moore","Rangiora",21.50,0.00,200.00,"Akshay Balloo",56.50,0.00,47,0,0,"Approved Plates (Hind), Concussion Plates (Front), Lugging Bit, Blinkers, Ear Covers, Nasal Strip (1st time)",287883,"SHAMOLINE WARRIOR (AUS) 2006",287898,"GOOLAGONG (IRE) 2007",
49655,2021-01-21,6,"Riccarton Park","Industry","Race","Riccarton Park - Canterbury JC","CANTERBURY JC 21 JAN","Dead",4,"Showery","True",210431,2,,Flat,1600,"MDN","ROUGH HABIT CHRIS JOHNSON CELEBRATION",10000.00,13:38:00,"N",,"Unrestricted","Maiden","unrestricted","sw","Dead",4,"Showery",360728,12,9,"Rimarchevole","4","m",56.50,10,1.37.87,0.36.13,5.70," ","John Blackadder","Rangiora",55.20,0.00,200.00,"Tanya Jonker",56.50,0.00,47,0,0,"Approved Plates, Lugging Bit, Blinkers (1st time)",257403,"HE'S REMARKABLE (NZ) 2007",225894,"ETERNAL DANCER (NZ) 2001",
49655,2021-01-21,6,"Riccarton Park","Industry","Race","Riccarton Park - Canterbury JC","CANTERBURY JC 21 JAN","Dead",4,"Showery","True",210431,2,,Flat,1600,"MDN","ROUGH HABIT CHRIS JOHNSON CELEBRATION",10000.00,13:38:00,"N",,"Unrestricted","Maiden","unrestricted","sw","Dead",4,"Showery",378151,13,5,"Eulogy Show","3","f",55.00,8,1.37.77,0.35.34,5.00," ","Lyn Prendergast","West Melton",11.40,0.00,200.00,"Krishna Mudhoo",55.00,0.00,46,0,0,"Approved Plates, Lugging Bit",313563,"HIGHLY RECOMMENDED (AUS) 2008",247772,"EVERY CLOUD (NZ) 2005",
49655,2021-01-21,6,"Riccarton Park","Industry","Race","Riccarton Park - Canterbury JC","CANTERBURY JC 21 JAN","Dead",4,"Showery","True",210425,3,,Flat,1600,"OPN HCP","WOODBINE BLUE CHIP CHRIS JOHNSON CELEBRATION",15000.00,14:12:00,"N",54.00,"Unrestricted","Open","unrestricted","hcp","Dead",4,"Showery",336336,1,6,"Monza Circuito","6","m",62.00,5,1.37.59,0.35.91,11.40," ","Mike McCann","Riccarton Park",5.80,0.00,300.00,"Zubair Bholah",59.00,3.00,88,0,0,"Approved Plates, Concussion Plates (Front), Lugging Bit, Tongue Tie",287687,"SHOWCASING (GB) 2007",231525,"MONZAHRA (NZ) 2002",
49655,2021-01-21,6,"Riccarton Park","Industry","Race","Riccarton Park - Canterbury JC","CANTERBURY JC 21 JAN","Dead",4,"Showery","True",210425,3,,Flat,1600,"OPN HCP","WOODBINE BLUE CHIP CHRIS JOHNSON CELEBRATION",15000.00,14:12:00,"N",54.00,"Unrestricted","Open","unrestricted","hcp","Dead",4,"Showery",338763,2,1,"Owen Patrick","6","g",61.50,3,1.36.70,0.34.96,5.60," 1 LEN","Peter Corbett","Timaru",3.90,0.00,1050.00,"Tina Comignaghi",61.50,0.00,83,0,0,"Approved Plates, Lugging Bit, Blinkers",265282,"OCEAN PARK (NZ) 2008",236498,"UNPLANNED (NZ) 2003",
49655,2021-01-21,6,"Riccarton Park","Industry","Race","Riccarton Park - Canterbury JC","CANTERBURY JC 21 JAN","Dead",4,"Showery","True",210425,3,,Flat,1600,"OPN HCP","WOODBINE BLUE CHIP CHRIS JOHNSON CELEBRATION",15000.00,14:12:00,"N",54.00,"Unrestricted","Open","unrestricted","hcp","Dead",4,"Showery",332547,3,3,"Belle Fascino","7","m",59.00,1,1.35.86,0.34.34,," 4 1/4 LEN","Stephen Marsh","Cambridge",4.80,2.20,8100.00,"Samantha Wynne",59.00,0.00,82,0,0,"Approved Plates, Lugging Bit, Blinkers on, Tongue Tie",280637,"PER INCANTO (USA) 2004",234298,"PLAYING FOR KEEPS (NZ) 2003",
49655,2021-01-21,6,"Riccarton Park","Industry","Race","Riccarton Park - Canterbury JC","CANTERBURY JC 21 JAN","Dead",4,"Showery","True",210425,3,,Flat,1600,"OPN HCP","WOODBINE BLUE CHIP CHRIS JOHNSON CELEBRATION",15000.00,14:12:00,"N",54.00,"Unrestricted","Open","unrestricted","hcp","Dead",4,"Showery",335177,4,4,"Beached As Bro","6","g",59.00,4,1.36.87,0.34.89,6.60," 4 3/4 LEN","Terri Rae","Riccarton Park",5.00,0.00,600.00,"Krishna Mudhoo",59.00,0.00,78,0,0,"Approved Plates, Lugging Bit, Blinkers",265282,"OCEAN PARK (NZ) 2008",247603,"KEY MESSAGE (NZ) 2005",
49655,2021-01-21,6,"Riccarton Park","Industry","Race","Riccarton Park - Canterbury JC","CANTERBURY JC 21 JAN","Dead",4,"Showery","True",210425,3,,Flat,1600,"OPN HCP","WOODBINE BLUE CHIP CHRIS JOHNSON CELEBRATION",15000.00,14:12:00,"N",54.00,"Unrestricted","Open","unrestricted","hcp","Dead",4,"Showery",331293,5,2,"Beneficial","6","m",57.00,2,1.36.49,0.34.54,4.30," 1 1/4 LEN","Ross Beckett","Yaldhurst",3.10,1.70,2250.00,"Kin Kwo",55.00,2.00,78,0,0,"Approved Plates, Lugging Bit, Side Winkers",313563,"HIGHLY RECOMMENDED (AUS) 2008",241342,"LA GENEROSE (NZ) 2004",
49655,2021-01-21,6,"Riccarton Park","Industry","Race","Riccarton Park - Canterbury JC","CANTERBURY JC 21 JAN","Dead",4,"Showery","True",210425,3,,Flat,1600,"OPN HCP","WOODBINE BLUE CHIP CHRIS JOHNSON CELEBRATION",15000.00,14:12:00,"N",54.00,"Unrestricted","Open","unrestricted","hcp","Dead",4,"Showery",323801,6,5,"Pickup","7","g",54.00,6,1.38.12,0.35.88,14.90," ","Kenny Moore","Rangiora",32.40,0.00,300.00,"Akshay Balloo",54.00,0.00,57,0,0,"Approved Plates, Lugging Bit, Side Winkers, Bandages",300223,"ZACINTO (GB) 2006",248624,"LIFTER (NZ) 2005",
49655,2021-01-21,6,"Riccarton Park","Industry","Race","Riccarton Park - Canterbury JC","CANTERBURY JC 21 JAN","Dead",4,"Showery","True",210427,4,,Flat,1400,"Rating 74 Benchmark","LOADER CHRIS JOHNSON CELEBRATION",11000.00,14:47:00,"N",54.00,"Unrestricted","Rating 74","unrestricted","hcp","Dead",4,"Showery",325760,1,2,"Manhattan Flame (AUS)","7","g",59.00,4,1.23.86,0.33.26,3.10," 3/4 LEN","Bruce Tapper","Timaru",4.50,0.00,440.00,"Kylie Williams",59.00,0.00,70,0,0,"Approved Plates, Lugging Bit, Blinkers, Tongue Tie",287812,"MANHATTAN RAIN (AUS) 2006",325761,"FLAME OF LANKA (AUS) 2008",
49655,2021-01-21,6,"Riccarton Park","Industry","Race","Riccarton Park - Canterbury JC","CANTERBURY JC 21 JAN","Dead",4,"Showery","True",210427,4,,Flat,1400,"Rating 74 Benchmark","LOADER CHRIS JOHNSON CELEBRATION",11000.00,14:47:00,"N",54.00,"Unrestricted","Rating 74","unrestricted","hcp","Dead",4,"Showery",324480,2,4,"Hee's Our Secret","7","g",58.00,2,1.23.48,0.32.90,0.80," 2 LEN","Andrew Carston","Riccarton Park",4.20,1.50,1650.00,"Jacob Lowry",58.00,0.00,68,0,0,"Approved Plates, Lugging Bit, Blinkers (1st time)",270278,"SAKHEE'S SECRET (GB) 2004",226639,"OGATO (NZ) 2002",
49655,2021-01-21,6,"Riccarton Park","Industry","Race","Riccarton Park - Canterbury JC","CANTERBURY JC 21 JAN","Dead",4,"Showery","True",210427,4,,Flat,1400,"Rating 74 Benchmark","LOADER CHRIS JOHNSON CELEBRATION",11000.00,14:47:00,"N",54.00,"Unrestricted","Rating 74","unrestricted","hcp","Dead",4,"Showery",353698,3,5,"Bronte Beach","4","m",57.00,1,1.23.37,0.32.49,," 3/4 LEN","Stephen Marsh","Cambridge",2.90,1.50,5940.00,"Kozzi Asano",56.00,1.00,70,0,0,"Ear Covers Pre-Race, Approved Plates, Lugging Bit, Side Winkers, Barrier Blanket",313564,"RELIABLE MAN (GB) 2008",269556,"BRONTE LASS (AUS) 2008",
49655,2021-01-21,6,"Riccarton Park","Industry","Race","Riccarton Park - Canterbury JC","CANTERBURY JC 21 JAN","Dead",4,"Showery","True",210427,4,,Flat,1400,"Rating 74 Benchmark","LOADER CHRIS JOHNSON CELEBRATION",11000.00,14:47:00,"N",54.00,"Unrestricted","Rating 74","unrestricted","hcp","Dead",4,"Showery",335896,5,8,"Skaaboom","6","m",56.50,7,1.24.17,0.33.87,5.20," ","John Blackadder","Rangiora",9.10,0.00,220.00,"Brett Murray",56.50,0.00,69,0,0,"Approved Plates, Lugging Bit, Blinkers",255989,"IFFRAAJ (GB) 2001",240900,"SKAAPA (NZ) 2004",
49655,2021-01-21,6,"Riccarton Park","Industry","Race","Riccarton Park - Canterbury JC","CANTERBURY JC 21 JAN","Dead",4,"Showery","True",210427,4,,Flat,1400,"Rating 74 Benchmark","LOADER CHRIS JOHNSON CELEBRATION",11000.00,14:47:00,"N",54.00,"Unrestricted","Rating 74","unrestricted","hcp","Dead",4,"Showery",351734,6,6,"Jewel Of Patch (AUS)","6","g",56.50,3,1.23.80,0.33.65,2.80," NECK","Henry Gillies","Rangiora",10.20,2.20,770.00,"Courtney Barnes",56.50,0.00,65,0,0,"Approved Plates, Lugging Bit, Barrier Blanket, Nasal Strip",289528,"I AM INVINCIBLE (AUS) 2004",351735,"QUIRINA (GB) 2005",
49655,2021-01-21,6,"Riccarton Park","Industry","Race","Riccarton Park - Canterbury JC","CANTERBURY JC 21 JAN","Dead",4,"Showery","True",210427,4,,Flat,1400,"Rating 74 Benchmark","LOADER CHRIS JOHNSON CELEBRATION",11000.00,14:47:00,"N",54.00,"Unrestricted","Rating 74","unrestricted","hcp","Dead",4,"Showery",331971,7,3,"Jessie Janet","6","m",54.00,8,1.24.35,0.34.01,6.40," ","Nikki White & Lee Callaway","Riccarton Park",15.80,0.00,220.00,"Tina Comignaghi",54.00,0.00,61,0,0,"Approved Plates, Lugging Bit, Blinkers",302210,"DALGHAR (FR) 2006",194824,"PRISCILLA (NZ) 1997",
49655,2021-01-21,6,"Riccarton Park","Industry","Race","Riccarton Park - Canterbury JC","CANTERBURY JC 21 JAN","Dead",4,"Showery","True",210427,4,,Flat,1400,"Rating 74 Benchmark","LOADER CHRIS JOHNSON CELEBRATION",11000.00,14:47:00,"N",54.00,"Unrestricted","Rating 74","unrestricted","hcp","Dead",4,"Showery",328588,8,7,"Full Of Grace","6","g",54.00,6,1.24.06,0.34.03,4.40," ","Sharon Robertson","Riccarton Park",16.00,0.00,220.00,"Terry Moseley",54.00,0.00,59,0,0,"Approved Plates, Lugging Bit, Side Winkers",172521,"O'REILLY (NZ) 1993",273422,"TUESDAY'S CHILD (NZ) 2009",
49655,2021-01-21,6,"Riccarton Park","Industry","Race","Riccarton Park - Canterbury JC","CANTERBURY JC 21 JAN","Dead",4,"Showery","True",210427,4,,Flat,1400,"Rating 74 Benchmark","LOADER CHRIS JOHNSON CELEBRATION",11000.00,14:47:00,"N",54.00,"Unrestricted","Rating 74","unrestricted","hcp","Dead",4,"Showery",302913,9,1,"Granite Ridge","8","g",54.00,5,1.23.98,0.33.71,3.90," ","Robyn Ayton","Ashburton",18.90,0.00,220.00,"Rahul Beeharry",51.00,3.00,57,0,0,"Approved Plates, Standard Bit",248656,"TAVISTOCK (NZ) 2005",244869,"MARCEY'S BELT (AUS) 2005",
49655,2021-01-21,6,"Riccarton Park","Industry","Race","Riccarton Park - Canterbury JC","CANTERBURY JC 21 JAN","Dead",4,"Showery","True",210432,5,,Flat,1200,"MDN","TARTAN TIGHTS & TYCOON LIL CHRIS JOHNSON CELEBRATION",10000.00,15:23:00,"N",,"Unrestricted","Maiden","unrestricted","sw","Dead",4,"Showery",354263,1,16,"Island Hop","4","g",58.50,4,1.09.50,0.33.82,3.20," 2 LEN","Kevin & Pam Hughes","Riccarton Park",5.80,0.00,400.00,"Sanu Toolooa",55.50,3.00,52,0,0,"Approved Plates, Lugging Bit",285139,"SWISS ACE (AUS) 2004",250953,"CHAPINTA (NZ) 2006",
49655,2021-01-21,6,"Riccarton Park","Industry","Race","Riccarton Park - Canterbury JC","CANTERBURY JC 21 JAN","Dead",4,"Showery","True",210432,5,,Flat,1200,"MDN","TARTAN TIGHTS & TYCOON LIL CHRIS JOHNSON CELEBRATION",10000.00,15:23:00,"N",,"Unrestricted","Maiden","unrestricted","sw","Dead",4,"Showery",329122,2,11,"Resuscitate","6","g",58.50,13,1.10.71,0.34.79,10.80," ","Mel & Warwick Coles","Timaru",34.90,0.00,200.00,"Racha Cuneen",58.50,0.00,51,0,0,"Approved Plates, Lugging Bit, Blinkers, Bandages (1st time), Tongue Tie",263679,"PATAPAN (USA) 2002",252796,"CONNEMARA LASS (NZ) 2006",
49655,2021-01-21,6,"Riccarton Park","Industry","Race","Riccarton Park - Canterbury JC","CANTERBURY JC 21 JAN","Dead",4,"Showery","True",210432,5,,Flat,1200,"MDN","TARTAN TIGHTS & TYCOON LIL CHRIS JOHNSON CELEBRATION",10000.00,15:23:00,"N",,"Unrestricted","Maiden","unrestricted","sw","Dead",4,"Showery",358038,3,15,"Commitment","4","g",58.50,2,1.09.11,0.33.75,0.80," LONG NECK","Robyn Ayton","Ashburton",5.40,2.30,1500.00,"Samantha Wynne",58.50,0.00,50,0,0,"Approved Plates, Standard Bit, Shadow Roll",280637,"PER INCANTO (USA) 2004",227492,"TARZIE (NZ) 2002",
49655,2021-01-21,6,"Riccarton Park","Industry","Race","Riccarton Park - Canterbury JC","CANTERBURY JC 21 JAN","Dead",4,"Showery","True",210432,5,,Flat,1200,"MDN","TARTAN TIGHTS & TYCOON LIL CHRIS JOHNSON CELEBRATION",10000.00,15:23:00,"N",,"Unrestricted","Maiden","unrestricted","sw","Dead",4,"Showery",356825,4,13,"Speck Savers","4","g",58.50,16,1.11.08,0.35.12,13.10," ","Ross Beckett","Yaldhurst",9.20,0.00,0.00,"Terry Moseley",58.50,0.00,49,0,0,"Approved Plates, Lugging Bit",211629,"PINS (AUS) 1996",313940,"BLURRED VISION (AUS) 2006",
49655,2021-01-21,6,"Riccarton Park","Industry","Race","Riccarton Park - Canterbury JC","CANTERBURY JC 21 JAN","Dead",4,"Showery","True",210432,5,,Flat,1200,"MDN","TARTAN TIGHTS & TYCOON LIL CHRIS JOHNSON CELEBRATION",10000.00,15:23:00,"N",,"Unrestricted","Maiden","unrestricted","sw","Dead",4,"Showery",376062,5,10,"Wild Rover","3","g",57.00,12,1.10.55,0.34.19,9.80," ","Michael & Matthew Pitman","Yaldhurst, Riccarton Park",7.90,0.00,200.00,"Chris Johnson",57.00,0.00,47,0,0,"Approved Plates, Lugging Bit",359485,"NO NAY NEVER (USA) 2011",252398,"BUYMORE (NZ) 2006",
49655,2021-01-21,6,"Riccarton Park","Industry","Race","Riccarton Park - Canterbury JC","CANTERBURY JC 21 JAN","Dead",4,"Showery","True",210432,5,,Flat,1200,"MDN","TARTAN TIGHTS & TYCOON LIL CHRIS JOHNSON CELEBRATION",10000.00,15:23:00,"N",,"Unrestricted","Maiden","unrestricted","sw","Dead",4,"Showery",369086,6,3,"Street Fightin Man","3","g",57.00,1,1.09.00,0.33.76,," 3/4 LEN","Steven Woodsford","Rangiora",10.50,3.60,5400.00,"Akshay Balloo",57.00,0.00,46,0,0,"Approved Plates, Lugging Bit, Blinkers on",325005,"PURE CHAMPION (IRE) 2007",282918,"RUBY TUESDAY (NZ) 2010",
49655,2021-01-21,6,"Riccarton Park","Industry","Race","Riccarton Park - Canterbury JC","CANTERBURY JC 21 JAN","Dead",4,"Showery","True",210432,5,,Flat,1200,"MDN","TARTAN TIGHTS & TYCOON LIL CHRIS JOHNSON CELEBRATION",10000.00,15:23:00,"N",,"Unrestricted","Maiden","unrestricted","sw","Dead",4,"Showery",362028,7,5,"Just A Promiss","4","m",56.50,6,1.09.93,0.34.23,5.90," ","Danny Crozier","Riccarton Park",13.90,0.00,200.00,"Courtney Barnes",56.50,0.00,54,0,0,"Ear Covers Pre-Race (1st time), Approved Plates, Lugging Bit, Blinkers, Tongue Tie (1st time)",337555,"PROISIR (AUS) 2009",297009,"SUNDAR (NZ) 2011",
49655,2021-01-21,6,"Riccarton Park","Industry","Race","Riccarton Park - Canterbury JC","CANTERBURY JC 21 JAN","Dead",4,"Showery","True",210432,5,,Flat,1200,"MDN","TARTAN TIGHTS & TYCOON LIL CHRIS JOHNSON CELEBRATION",10000.00,15:23:00,"N",,"Unrestricted","Maiden","unrestricted","sw","Dead",4,"Showery",346389,8,4,"Fionnuala","5","m",56.50,5,1.09.82,0.34.62,5.20," ","Steve Hewitt","Rangiora",8.00,0.00,200.00,"Kin Kwo",54.50,2.00,52,0,0,"Approved Plates, Lugging Bit, Blinkers, Nose Band",300223,"ZACINTO (GB) 2006",234876,"AOIFE (NZ) 2003",
49655,2021-01-21,6,"Riccarton Park","Industry","Race","Riccarton Park - Canterbury JC","CANTERBURY JC 21 JAN","Dead",4,"Showery","True",210432,5,,Flat,1200,"MDN","TARTAN TIGHTS & TYCOON LIL CHRIS JOHNSON CELEBRATION",10000.00,15:23:00,"N",,"Unrestricted","Maiden","unrestricted","sw","Dead",4,"Showery",334764,9,6,"Izzy Houdini","6","m",56.50,8,1.10.10,0.34.06,7.00," ","Jackie Burrows","Rolleston",28.80,0.00,200.00,"Krishna Mudhoo",56.50,0.00,51,0,0,"Ear Covers Pre-Race (1st time), Approved Plates, Lugging Bit",257403,"HE'S REMARKABLE (NZ) 2007",269099,"ROYAL ESCAPE (NZ) 2008",
49655,2021-01-21,6,"Riccarton Park","Industry","Race","Riccarton Park - Canterbury JC","CANTERBURY JC 21 JAN","Dead",4,"Showery","True",210432,5,,Flat,1200,"MDN","TARTAN TIGHTS & TYCOON LIL CHRIS JOHNSON CELEBRATION",10000.00,15:23:00,"N",,"Unrestricted","Maiden","unrestricted","sw","Dead",4,"Showery",359045,10,1,"Avino","4","m",56.50,10,1.10.38,0.34.91,8.70," ","Brian & Shane Anderton","Wingatui",23.20,0.00,200.00,"Jacob Lowry",57.00,-0.50,50,0,0,"Approved Plates, Lugging Bit, Blinkers, Tongue Tie",338027,"GHIBELLINES (AUS) 2011",269157,"GRIGIO (NZ) 2008",
49655,2021-01-21,6,"Riccarton Park","Industry","Race","Riccarton Park - Canterbury JC","CANTERBURY JC 21 JAN","Dead",4,"Showery","True",210432,5,,Flat,1200,"MDN","TARTAN TIGHTS & TYCOON LIL CHRIS JOHNSON CELEBRATION",10000.00,15:23:00,"N",,"Unrestricted","Maiden","unrestricted","sw","Dead",4,"Showery",364069,11,8,"Crimson Star","4","m",56.50,7,1.09.93,0.34.09,6.00," ","Lance Robinson","Riccarton Park",46.60,0.00,200.00,"Yong Chew",52.50,4.00,49,0,0,"Approved Plates, Norton Bit (1st time), Visor Blinkers (1st time)",268744,"BURGUNDY (NZ) 2008",279098,"RED TULIP (AUS) 2003",
49655,2021-01-21,6,"Riccarton Park","Industry","Race","Riccarton Park - Canterbury JC","CANTERBURY JC 21 JAN","Dead",4,"Showery","True",210432,5,,Flat,1200,"MDN","TARTAN TIGHTS & TYCOON LIL CHRIS JOHNSON CELEBRATION",10000.00,15:23:00,"N",,"Unrestricted","Maiden","unrestricted","sw","Dead",4,"Showery",360177,12,14,"Tacit Approval","4","m",56.50,9,1.10.15,0.35.03,7.30," ","Lyn Prendergast","West Melton",31.90,0.00,200.00,"Tina Comignaghi",56.50,0.00,47,0,0,"Ear Covers Pre-Race, Approved Plates, Norton Bit",313563,"HIGHLY RECOMMENDED (AUS) 2008",256054,"VALGREY (NZ) 2006",
49655,2021-01-21,6,"Riccarton Park","Industry","Race","Riccarton Park - Canterbury JC","CANTERBURY JC 21 JAN","Dead",4,"Showery","True",210432,5,,Flat,1200,"MDN","TARTAN TIGHTS & TYCOON LIL CHRIS JOHNSON CELEBRATION",10000.00,15:23:00,"N",,"Unrestricted","Maiden","unrestricted","sw","Dead",4,"Showery",347343,13,12,"Inheritance","5","m",56.50,17,1.11.21,0.34.97,13.90," ","Phillip Craw","Oxford",61.30,0.00,0.00,"Lee Callaway",56.50,0.00,46,0,0,"Approved Plates, Lugging Bit",264625,"ROCK 'N' POP (AUS) 2008",263919,"KINDRED (NZ) 2008",
49655,2021-01-21,6,"Riccarton Park","Industry","Race","Riccarton Park - Canterbury JC","CANTERBURY JC 21 JAN","Dead",4,"Showery","True",210432,5,,Flat,1200,"MDN","TARTAN TIGHTS & TYCOON LIL CHRIS JOHNSON CELEBRATION",10000.00,15:23:00,"N",,"Unrestricted","Maiden","unrestricted","sw","Dead",4,"Showery",351444,14,18,"Humiliate","5","m",56.50,18,1.11.86,0.35.24,18.00," ","Kenny Moore","Rangiora",94.20,0.00,0.00,"Tanya Jonker",56.50,0.00,45,0,0,"Approved Plates (Hind), Concussion Plates (Front), Lugging Bit, Ear Covers, Tongue Tie",287450,"SHOCKING (AUS) 2005",265024,"MANDY O'REILLY (NZ) 2008",
49655,2021-01-21,6,"Riccarton Park","Industry","Race","Riccarton Park - Canterbury JC","CANTERBURY JC 21 JAN","Dead",4,"Showery","True",210432,5,,Flat,1200,"MDN","TARTAN TIGHTS & TYCOON LIL CHRIS JOHNSON CELEBRATION",10000.00,15:23:00,"N",,"Unrestricted","Maiden","unrestricted","sw","Dead",4,"Showery",374211,16,9,"Sola Fide","3","f",55.00,11,1.10.46,0.34.38,9.20," ","Danny Crozier","Riccarton Park",16.70,0.00,200.00,"Corey Campbell",54.50,0.50,50,0,0,"Approved Plates, Lugging Bit, Blinkers",271558,"SHAMEXPRESS (NZ) 2009",263294,"SOLA GRATIA (AUS) 2007",
49655,2021-01-21,6,"Riccarton Park","Industry","Race","Riccarton Park - Canterbury JC","CANTERBURY JC 21 JAN","Dead",4,"Showery","True",210432,5,,Flat,1200,"MDN","TARTAN TIGHTS & TYCOON LIL CHRIS JOHNSON CELEBRATION",10000.00,15:23:00,"N",,"Unrestricted","Maiden","unrestricted","sw","Dead",4,"Showery",375626,17,17,"Doris Dior","3","f",55.00,14,1.10.71,0.34.25,10.80," ","Sarah & Matthew Smith","Ashburton",33.20,0.00,200.00,"Brett Murray",55.00,0.00,47,0,0,"Approved Plates, Lugging Bit (1st time), Nose Band (1st time), Tongue Tie (1st time)",230462,"DARCI BRAHMA (NZ) 2002",287470,"HEAVENLY BOUND (USA) 2001",
49655,2021-01-21,6,"Riccarton Park","Industry","Race","Riccarton Park - Canterbury JC","CANTERBURY JC 21 JAN","Dead",4,"Showery","True",210432,5,,Flat,1200,"MDN","TARTAN TIGHTS & TYCOON LIL CHRIS JOHNSON CELEBRATION",10000.00,15:23:00,"N",,"Unrestricted","Maiden","unrestricted","sw","Dead",4,"Showery",371463,18,7,"Rocmemama","3","f",55.00,15,1.10.76,0.34.68,11.10," ","Mike McCann","Riccarton Park",92.30,0.00,0.00,"Zubair Bholah",54.50,0.50,45,0,0,"Approved Plates, Concussion Plates (Front), Lugging Bit",242640,"ROC DE CAMBES (NZ) 2004",230745,"FLORELLA (NZ) 2002",
49655,2021-01-21,6,"Riccarton Park","Industry","Race","Riccarton Park - Canterbury JC","CANTERBURY JC 21 JAN","Dead",4,"Showery","True",210432,5,,Flat,1200,"MDN","TARTAN TIGHTS & TYCOON LIL CHRIS JOHNSON CELEBRATION",10000.00,15:23:00,"N",,"Unrestricted","Maiden","unrestricted","sw","Dead",4,"Showery",373370,19,2,"Justabelle","3","f",55.00,3,1.09.19,0.33.79,1.20," 2 LEN","Steven Woodsford","Rangiora",56.80,13.40,700.00,"Kozzi Asano",54.00,1.00,45,0,0,"Ear Covers Pre-Race, Approved Plates, Lugging Bit, Side Winkers (1st time)",300223,"ZACINTO (GB) 2006",230399,"JUST CURIOUS (NZ) 2002",
49655,2021-01-21,6,"Riccarton Park","Industry","Race","Riccarton Park - Canterbury JC","CANTERBURY JC 21 JAN","Dead",4,"Showery","True",210429,6,,Flat,1200,"Rating 65 Benchmark*","BANDIT & NEAT CHRIS JOHNSON CELEBRATION",10000.00,15:59:00,"N",54.00,"Unrestricted","Rating 65","unrestricted","hcp","Dead",4,"Showery",356842,1,7,"Exuberant","4","g",61.50,2,1.09.56,0.33.56,0.30," 1 LEN","Stephen Marsh","Cambridge",3.50,1.60,1500.00,"Rahul Beeharry",58.50,3.00,68,0,0,"Approved Plates, Lugging Bit, Nasal Strip, Nose Band, Tongue Tie",238456,"SAVABEEL (AUS) 2001",280092,"MERRILY (NZ) 2010",
49655,2021-01-21,6,"Riccarton Park","Industry","Race","Riccarton Park - Canterbury JC","CANTERBURY JC 21 JAN","Dead",4,"Showery","True",210429,6,,Flat,1200,"Rating 65 Benchmark*","BANDIT & NEAT CHRIS JOHNSON CELEBRATION",10000.00,15:59:00,"N",54.00,"Unrestricted","Rating 65","unrestricted","hcp","Dead",4,"Showery",337266,2,5,"Parawanui Lad","6","g",59.00,6,1.09.91,0.34.10,2.60," ","Kenny Moore","Rangiora",9.70,0.00,200.00,"Akshay Balloo",59.00,0.00,63,0,0,"Approved Plates (Hind), Concussion Plates (Front), Lugging Bit, Blinkers, Tongue Tie",226925,"ZED (NZ) 2002",221581,"RACEY STACEY (NZ) 2001",
49655,2021-01-21,6,"Riccarton Park","Industry","Race","Riccarton Park - Canterbury JC","CANTERBURY JC 21 JAN","Dead",4,"Showery","True",210429,6,,Flat,1200,"Rating 65 Benchmark*","BANDIT & NEAT CHRIS JOHNSON CELEBRATION",10000.00,15:59:00,"N",54.00,"Unrestricted","Rating 65","unrestricted","hcp","Dead",4,"Showery",342853,3,4,"Grand Express","5","g",58.50,7,1.10.21,0.34.58,4.60," ","Andrew Carston","Riccarton Park",10.70,0.00,200.00,"Jacob Lowry",58.50,0.00,62,0,0,"Approved Plates, Lugging Bit, Visor Blinkers",271558,"SHAMEXPRESS (NZ) 2009",255712,"GRANDISSIMA (NZ) 2006",
49655,2021-01-21,6,"Riccarton Park","Industry","Race","Riccarton Park - Canterbury JC","CANTERBURY JC 21 JAN","Dead",4,"Showery","True",210429,6,,Flat,1200,"Rating 65 Benchmark*","BANDIT & NEAT CHRIS JOHNSON CELEBRATION",10000.00,15:59:00,"N",54.00,"Unrestricted","Rating 65","unrestricted","hcp","Dead",4,"Showery",328348,4,2,"Vasiliki","6","m",57.50,5,1.09.79,0.33.99,1.80," ","Lance Robinson","Riccarton Park",12.60,0.00,200.00,"BB Hong",57.50,0.00,64,0,0,"Approved Plates, Lugging Bit, Visor Blinkers",287687,"SHOWCASING (GB) 2007",216164,"STONECREST (NZ) 2000",
49655,2021-01-21,6,"Riccarton Park","Industry","Race","Riccarton Park - Canterbury JC","CANTERBURY JC 21 JAN","Dead",4,"Showery","True",210429,6,,Flat,1200,"Rating 65 Benchmark*","BANDIT & NEAT CHRIS JOHNSON CELEBRATION",10000.00,15:59:00,"N",54.00,"Unrestricted","Rating 65","unrestricted","hcp","Dead",4,"Showery",350743,5,8,"Exclaim","5","m",56.00,8,1.10.28,0.34.50,5.10," ","Lance Robinson","Riccarton Park",6.80,0.00,200.00,"Tina Comignaghi",56.00,0.00,61,0,0,"Approved Plates, Lugging Bit, Nose Band",325222,"EXCELEBRATION (IRE) 2008",247575,"MAMMA'S LOVE (NZ) 2005",
49655,2021-01-21,6,"Riccarton Park","Industry","Race","Riccarton Park - Canterbury JC","CANTERBURY JC 21 JAN","Dead",4,"Showery","True",210429,6,,Flat,1200,"Rating 65 Benchmark*","BANDIT & NEAT CHRIS JOHNSON CELEBRATION",10000.00,15:59:00,"N",54.00,"Unrestricted","Rating 65","unrestricted","hcp","Dead",4,"Showery",349993,6,3,"Heartoheart","5","m",56.00,9,1.10.29,0.34.36,5.20," ","Michael & Matthew Pitman","Yaldhurst, Riccarton Park",7.40,0.00,200.00,"Samantha Wynne",56.00,0.00,61,0,0,"Barrier Blindfold, Approved Plates, Lugging Bit, Side Winkers",285139,"SWISS ACE (AUS) 2004",313498,"MISS HEARTBEAT (AUS) 2009",
49655,2021-01-21,6,"Riccarton Park","Industry","Race","Riccarton Park - Canterbury JC","CANTERBURY JC 21 JAN","Dead",4,"Showery","True",210429,6,,Flat,1200,"Rating 65 Benchmark*","BANDIT & NEAT CHRIS JOHNSON CELEBRATION",10000.00,15:59:00,"N",54.00,"Unrestricted","Rating 65","unrestricted","hcp","Dead",4,"Showery",353797,7,9,"Ophelia Rose","5","m",55.50,4,1.09.76,0.34.26,1.60," HEAD","Stephanie Clark","Timaru",19.70,0.00,400.00,"Terry Moseley",55.50,0.00,60,0,0,"Approved Plates, Lugging Bit, Side Winkers",313563,"HIGHLY RECOMMENDED (AUS) 2008",211067,"WHEN THE CATS AWAY (NZ) 1999",
49655,2021-01-21,6,"Riccarton Park","Industry","Race","Riccarton Park - Canterbury JC","CANTERBURY JC 21 JAN","Dead",4,"Showery","True",210429,6,,Flat,1200,"Rating 65 Benchmark*","BANDIT & NEAT CHRIS JOHNSON CELEBRATION",10000.00,15:59:00,"N",54.00,"Unrestricted","Rating 65","unrestricted","hcp","Dead",4,"Showery",330154,8,10,"Punta Mita","6","m",55.50,10,1.11.82,0.35.37,15.40," ","Danny Crozier","Riccarton Park",24.50,0.00,200.00,"Krishna Mudhoo",55.50,0.00,60,0,0,"Ear Covers Pre-Race, Approved Plates, Lugging Bit",226925,"ZED (NZ) 2002",224823,"MARTINI (NZ) 2001",
49655,2021-01-21,6,"Riccarton Park","Industry","Race","Riccarton Park - Canterbury JC","CANTERBURY JC 21 JAN","Dead",4,"Showery","True",210429,6,,Flat,1200,"Rating 65 Benchmark*","BANDIT & NEAT CHRIS JOHNSON CELEBRATION",10000.00,15:59:00,"N",54.00,"Unrestricted","Rating 65","unrestricted","hcp","Dead",4,"Showery",338499,9,6,"Drake Bay","6","g",55.50,3,1.09.71,0.33.55,1.30," NECK","John Blackadder","Rangiora",17.80,4.50,700.00,"Brett Murray",55.50,0.00,56,0,0,"Ear Covers Pre-Race, Approved Plates, Lugging Bit, Blinkers, Tongue Tie",301937,"REDWOOD (GB) 2006",196420,"DAWN TILL DUSK (NZ) 1997",
49655,2021-01-21,6,"Riccarton Park","Industry","Race","Riccarton Park - Canterbury JC","CANTERBURY JC 21 JAN","Dead",4,"Showery","True",210429,6,,Flat,1200,"Rating 65 Benchmark*","BANDIT & NEAT CHRIS JOHNSON CELEBRATION",10000.00,15:59:00,"N",54.00,"Unrestricted","Rating 65","unrestricted","hcp","Dead",4,"Showery",343416,10,1,"Arnage","5","m",55.00,1,1.09.50,0.33.91,," NECK","Jackie Burrows","Rolleston",4.90,1.70,5400.00,"Kylie Williams",55.00,0.00,59,0,0,"Approved Plates, Lugging Bit",280637,"PER INCANTO (USA) 2004",279872,"MADLY BENTLEY (AUS) 2008",
49655,2021-01-21,6,"Riccarton Park","Industry","Race","Riccarton Park - Canterbury JC","CANTERBURY JC 21 JAN","Dead",4,"Showery","True",210426,7,,Flat,2000,"Rating 74 Benchmark","SAVVY COUP CHRIS JOHNSON CELEBRATION",11000.00,16:37:00,"N",54.00,"Unrestricted","Rating 74","unrestricted","hcp","Dead",4,"Showery",321794,1,2,"Bluey's Chance","7","g",59.00,12,2.04.78,0.38.41,11.10," ","Kenny Moore","Rangiora",10.90,0.00,220.00,"Akshay Balloo",59.00,0.00,72,0,0,"Approved Plates, Butterfly Bit",253399,"REMIND (USA) 2000",249673,"OPERA DANCER (AUS) 1994",
49655,2021-01-21,6,"Riccarton Park","Industry","Race","Riccarton Park - Canterbury JC","CANTERBURY JC 21 JAN","Dead",4,"Showery","True",210426,7,,Flat,2000,"Rating 74 Benchmark","SAVVY COUP CHRIS JOHNSON CELEBRATION",11000.00,16:37:00,"N",54.00,"Unrestricted","Rating 74","unrestricted","hcp","Dead",4,"Showery",351554,2,12,"El Bee Jack","5","g",59.00,11,2.04.67,0.37.87,10.40," ","Russell McKay & Ashley Harrington","Riccarton Park",11.60,0.00,220.00,"Kylie Williams",59.00,0.00,72,0,0,"Ear Covers Pre-Race, Approved Plates, Lugging Bit, Side Winkers, Tongue Tie",324908,"JAKKALBERRY (IRE) 2006",258960,"STAR BOUND (NZ) 2007",
49655,2021-01-21,6,"Riccarton Park","Industry","Race","Riccarton Park - Canterbury JC","CANTERBURY JC 21 JAN","Dead",4,"Showery","True",210426,7,,Flat,2000,"Rating 74 Benchmark","SAVVY COUP CHRIS JOHNSON CELEBRATION",11000.00,16:37:00,"N",54.00,"Unrestricted","Rating 74","unrestricted","hcp","Dead",4,"Showery",300191,3,8,"Madam De Soir","9","m",58.00,7,2.03.84,0.35.99,5.20," ","Danny Crozier","Riccarton Park",11.70,0.00,220.00,"Tina Comignaghi",58.00,0.00,74,0,0,"Approved Plates, Lugging Bit, Blinkers, Tongue Tie",277609,"RAISE THE FLAG (GB) 2005",213393,"GRACE DE SOIR (NZ) 2000",
49655,2021-01-21,6,"Riccarton Park","Industry","Race","Riccarton Park - Canterbury JC","CANTERBURY JC 21 JAN","Dead",4,"Showery","True",210426,7,,Flat,2000,"Rating 74 Benchmark","SAVVY COUP CHRIS JOHNSON CELEBRATION",11000.00,16:37:00,"N",54.00,"Unrestricted","Rating 74","unrestricted","hcp","Dead",4,"Showery",351732,4,7,"King Of The Dance (AUS)","6","g",56.50,4,2.03.46,0.35.31,2.80," 1 LEN","Peter Corbett","Timaru",8.90,0.00,440.00,"Rahul Beeharry",53.50,3.00,67,0,0,"Approved Plates, Lugging Bit, Side Winkers",325427,"ANIMAL KINGDOM (USA) 2008",351733,"SPIRITED DANCER (IRE) 2002",
49655,2021-01-21,6,"Riccarton Park","Industry","Race","Riccarton Park - Canterbury JC","CANTERBURY JC 21 JAN","Dead",4,"Showery","True",210426,7,,Flat,2000,"Rating 74 Benchmark","SAVVY COUP CHRIS JOHNSON CELEBRATION",11000.00,16:37:00,"N",54.00,"Unrestricted","Rating 74","unrestricted","hcp","Dead",4,"Showery",330074,5,9,"Rainman","6","g",56.50,10,2.04.46,0.37.01,9.10," ","John & Karen Parsons","Balcairn",5.60,0.00,220.00,"Chris Johnson",56.50,0.00,67,0,0,"Approved Plates, Lugging Bit, Blinkers",211629,"PINS (AUS) 1996",138636,"RAINING (NZ) 1989",
49655,2021-01-21,6,"Riccarton Park","Industry","Race","Riccarton Park - Canterbury JC","CANTERBURY JC 21 JAN","Dead",4,"Showery","True",210426,7,,Flat,2000,"Rating 74 Benchmark","SAVVY COUP CHRIS JOHNSON CELEBRATION",11000.00,16:37:00,"N",54.00,"Unrestricted","Rating 74","unrestricted","hcp","Dead",4,"Showery",321040,6,4,"Pamir","7","m",55.50,8,2.03.94,0.37.21,5.80," ","John Luxton","Riccarton Park",29.60,0.00,220.00,"Kin Kwo",53.50,2.00,69,0,0,"Approved Plates, Standard Bit, Blinkers",277609,"RAISE THE FLAG (GB) 2005",248644,"ONE CHANCE (NZ) 2005",
49655,2021-01-21,6,"Riccarton Park","Industry","Race","Riccarton Park - Canterbury JC","CANTERBURY JC 21 JAN","Dead",4,"Showery","True",210426,7,,Flat,2000,"Rating 74 Benchmark","SAVVY COUP CHRIS JOHNSON CELEBRATION",11000.00,16:37:00,"N",54.00,"Unrestricted","Rating 74","unrestricted","hcp","Dead",4,"Showery",339920,7,5,"Zareeba","5","m",55.00,1,2.02.96,0.36.51,," 2 1/2 LEN","Shane Kennedy & Anna Furlong","Riccarton Park",6.90,2.50,5940.00,"Kozzi Asano",54.00,1.00,68,0,0,"Barrier Blindfold, Approved Plates, Lugging Bit, Blinkers, Nasal Strip, Tongue Tie",287683,"RIP VAN WINKLE (IRE) 2006",287113,"SUROOH (USA) 2007",
49655,2021-01-21,6,"Riccarton Park","Industry","Race","Riccarton Park - Canterbury JC","CANTERBURY JC 21 JAN","Dead",4,"Showery","True",210426,7,,Flat,2000,"Rating 74 Benchmark","SAVVY COUP CHRIS JOHNSON CELEBRATION",11000.00,16:37:00,"N",54.00,"Unrestricted","Rating 74","unrestricted","hcp","Dead",4,"Showery",360412,8,11,"Sacred Caga","4","m",54.50,5,2.03.62,0.35.45,3.80," ","Terri Rae","Riccarton Park",3.80,0.00,220.00,"Krishna Mudhoo",54.50,0.00,67,0,0,"Approved Plates, Lugging Bit, Blinkers",271956,"SACRED FALLS (NZ) 2009",226372,"PRINCESS CAGA (NZ) 2001",
49655,2021-01-21,6,"Riccarton Park","Industry","Race","Riccarton Park - Canterbury JC","CANTERBURY JC 21 JAN","Dead",4,"Showery","True",210426,7,,Flat,2000,"Rating 74 Benchmark","SAVVY COUP CHRIS JOHNSON CELEBRATION",11000.00,16:37:00,"N",54.00,"Unrestricted","Rating 74","unrestricted","hcp","Dead",4,"Showery",329379,9,3,"Colorado Miss","6","m",54.00,9,2.04.11,0.37.34,6.90," ","Cheri Trembath","Ashburton",25.30,0.00,220.00,"Courtney Barnes",54.00,0.00,62,0,0,"Approved Plates, Lugging Bit, Blinkers",241092,"ALAMOSA (NZ) 2004",230243,"TURFSTAR (NZ) 2002",
49655,2021-01-21,6,"Riccarton Park","Industry","Race","Riccarton Park - Canterbury JC","CANTERBURY JC 21 JAN","Dead",4,"Showery","True",210426,7,,Flat,2000,"Rating 74 Benchmark","SAVVY COUP CHRIS JOHNSON CELEBRATION",11000.00,16:37:00,"N",54.00,"Unrestricted","Rating 74","unrestricted","hcp","Dead",4,"Showery",350313,10,10,"Sulu Sea","5","m",54.00,6,2.03.78,0.36.13,4.80," ","Daniel Champion & Kezia Murphy","Riccarton Park",10.00,0.00,220.00,"Meghann Gestain",50.00,4.00,61,0,0,"Approved Plates, Lugging Bit",304111,"SWEET ORANGE (USA) 2007",261744,"AMANPULO (NZ) 2007",
49655,2021-01-21,6,"Riccarton Park","Industry","Race","Riccarton Park - Canterbury JC","CANTERBURY JC 21 JAN","Dead",4,"Showery","True",210426,7,,Flat,2000,"Rating 74 Benchmark","SAVVY COUP CHRIS JOHNSON CELEBRATION",11000.00,16:37:00,"N",54.00,"Unrestricted","Rating 74","unrestricted","hcp","Dead",4,"Showery",330830,11,6,"Vermont","6","m",54.00,3,2.03.44,0.36.23,2.70," 1/2 HEAD","Sarah & Matthew Smith","Ashburton",36.30,7.60,770.00,"Corey Campbell",54.50,-0.50,61,0,0,"Approved Plates, Standard Bit, Blinkers",278104,"MASTERCRAFTSMAN (IRE) 2006",253135,"TEKEELA (NZ) 2006",
49655,2021-01-21,6,"Riccarton Park","Industry","Race","Riccarton Park - Canterbury JC","CANTERBURY JC 21 JAN","Dead",4,"Showery","True",210426,7,,Flat,2000,"Rating 74 Benchmark","SAVVY COUP CHRIS JOHNSON CELEBRATION",11000.00,16:37:00,"N",54.00,"Unrestricted","Rating 74","unrestricted","hcp","Dead",4,"Showery",318386,12,1,"Shock And Awe","7","m",54.00,2,2.03.39,0.36.34,2.50," LONG HEAD","Bruce Tapper","Timaru",39.30,8.80,1650.00,"Gosen Jogoo",54.00,0.00,59,0,0,"Approved Plates, Lugging Bit, Side Winkers",287450,"SHOCKING (AUS) 2005",209470,"GONDOLIN (NZ) 1999",
49655,2021-01-21,6,"Riccarton Park","Industry","Race","Riccarton Park - Canterbury JC","CANTERBURY JC 21 JAN","Dead",4,"Showery","True",210428,8,,Flat,1600,"Rating 65 Benchmark*","FINAL TOUCH & CAMINO ROCOSO CHRIS JOHNSON CELEBRATION",10000.00,17:12:00,"N",54.00,"Unrestricted","Rating 65","unrestricted","hcp","Dead",4,"Showery",339735,1,13,"Are You Cereal","6","g",60.00,6,1.38.49,0.34.75,2.20," ","Jackie Burrows","Rolleston",19.90,0.00,200.00,"Terry Moseley",60.00,0.00,65,0,0,"Approved Plates (Hind), Concussion Plates (Front), Lugging Bit",213341,"DANROAD (AUS) 1999",193629,"CORNFLAKE (NZ) 1997",
49655,2021-01-21,6,"Riccarton Park","Industry","Race","Riccarton Park - Canterbury JC","CANTERBURY JC 21 JAN","Dead",4,"Showery","True",210428,8,,Flat,1600,"Rating 65 Benchmark*","FINAL TOUCH & CAMINO ROCOSO CHRIS JOHNSON CELEBRATION",10000.00,17:12:00,"N",54.00,"Unrestricted","Rating 65","unrestricted","hcp","Dead",4,"Showery",344066,2,11,"Express Rip","5","g",60.00,11,1.39.23,0.35.65,6.80," ","Neil Coulbeck","Leithfield",6.40,0.00,200.00,"Chris Johnson",60.00,0.00,65,0,0,"Approved Plates, Tongue Control Bit, Blinkers",287683,"RIP VAN WINKLE (IRE) 2006",241443,"SAFARI SUNSET (NZ) 2004",
49655,2021-01-21,6,"Riccarton Park","Industry","Race","Riccarton Park - Canterbury JC","CANTERBURY JC 21 JAN","Dead",4,"Showery","True",210428,8,,Flat,1600,"Rating 65 Benchmark*","FINAL TOUCH & CAMINO ROCOSO CHRIS JOHNSON CELEBRATION",10000.00,17:12:00,"N",54.00,"Unrestricted","Rating 65","unrestricted","hcp","Dead",4,"Showery",346690,3,9,"Highly Unlikely","5","g",58.50,1,1.38.09,0.34.11,," 1/2 LEN","Shane Kennedy & Anna Furlong","Riccarton Park",8.50,2.70,5400.00,"Daniel Bothamley",58.50,0.00,62,0,0,"Approved Plates, Lugging Bit, Blinkers",287689,"MAKFI (GB) 2007",181683,"CLIPJOINT (NZ) 1995",
49655,2021-01-21,6,"Riccarton Park","Industry","Race","Riccarton Park - Canterbury JC","CANTERBURY JC 21 JAN","Dead",4,"Showery","True",210428,8,,Flat,1600,"Rating 65 Benchmark*","FINAL TOUCH & CAMINO ROCOSO CHRIS JOHNSON CELEBRATION",10000.00,17:12:00,"N",54.00,"Unrestricted","Rating 65","unrestricted","hcp","Dead",4,"Showery",319913,4,3,"O'Guy","7","g",58.50,3,1.38.31,0.34.97,1.30," NECK","Andrew Carston","Riccarton Park",3.30,1.70,700.00,"Kozzi Asano",57.50,1.00,62,0,0,"Approved Plates, Lugging Bit, Blinkers",211629,"PINS (AUS) 1996",213026,"WOODMINCO (AUS) 1999",
49655,2021-01-21,6,"Riccarton Park","Industry","Race","Riccarton Park - Canterbury JC","CANTERBURY JC 21 JAN","Dead",4,"Showery","True",210428,8,,Flat,1600,"Rating 65 Benchmark*","FINAL TOUCH & CAMINO ROCOSO CHRIS JOHNSON CELEBRATION",10000.00,17:12:00,"N",54.00,"Unrestricted","Rating 65","unrestricted","hcp","Dead",4,"Showery",346652,5,1,"Too Ferlaxed","5","m",57.50,4,1.38.38,0.34.34,1.60," NECK","Steven Woodsford","Rangiora",5.70,0.00,400.00,"Kin Kwo",55.50,2.00,64,0,0,"Approved Plates, Lugging Bit, Blinkers, Nasal Strip, Nose Band",273123,"FERLAX (NZ) 2009",252491,"MISS MARBELLA (NZ) 2006",
49655,2021-01-21,6,"Riccarton Park","Industry","Race","Riccarton Park - Canterbury JC","CANTERBURY JC 21 JAN","Dead",4,"Showery","True",210428,8,,Flat,1600,"Rating 65 Benchmark*","FINAL TOUCH & CAMINO ROCOSO CHRIS JOHNSON CELEBRATION",10000.00,17:12:00,"N",54.00,"Unrestricted","Rating 65","unrestricted","hcp","Dead",4,"Showery",329946,6,4,"Running Man","6","g",57.50,2,1.38.17,0.34.23,0.50," 3/4 LEN","Andrew Carston","Riccarton Park",12.90,4.10,1500.00,"Jacob Lowry",57.50,0.00,60,0,0,"Approved Plates, Lugging Bit, Blinkers, Tongue Tie",230462,"DARCI BRAHMA (NZ) 2002",239288,"STATE CIRCUS (GB) 2001",
49655,2021-01-21,6,"Riccarton Park","Industry","Race","Riccarton Park - Canterbury JC","CANTERBURY JC 21 JAN","Dead",4,"Showery","True",210428,8,,Flat,1600,"Rating 65 Benchmark*","FINAL TOUCH & CAMINO ROCOSO CHRIS JOHNSON CELEBRATION",10000.00,17:12:00,"N",54.00,"Unrestricted","Rating 65","unrestricted","hcp","Dead",4,"Showery",351192,7,10,"Reliably Perky","6","m",56.50,13,1.39.91,0.36.15,11.10," ","Andrew Carston","Riccarton Park",32.50,0.00,200.00,"Kylie Williams",56.50,0.00,62,0,0,"Approved Plates, Lugging Bit, Blinkers",313564,"RELIABLE MAN (GB) 2008",254239,"PERKY 'N' READY (NZ) 2006",
49655,2021-01-21,6,"Riccarton Park","Industry","Race","Riccarton Park - Canterbury JC","CANTERBURY JC 21 JAN","Dead",4,"Showery","True",210428,8,,Flat,1600,"Rating 65 Benchmark*","FINAL TOUCH & CAMINO ROCOSO CHRIS JOHNSON CELEBRATION",10000.00,17:12:00,"N",54.00,"Unrestricted","Rating 65","unrestricted","hcp","Dead",4,"Showery",353720,8,6,"Last Hoorah","4","m",56.00,10,1.38.99,0.35.45,5.30," ","Shane Kennedy & Anna Furlong","Riccarton Park",68.00,0.00,200.00,"Lee Callaway",56.00,0.00,61,0,0,"Approved Plates, Lugging Bit, Blinkers",232838,"NO EXCUSE NEEDED (GB) 1998",239557,"OUR LILY BELLE (NZ) 2004",
49655,2021-01-21,6,"Riccarton Park","Industry","Race","Riccarton Park - Canterbury JC","CANTERBURY JC 21 JAN","Dead",4,"Showery","True",210428,8,,Flat,1600,"Rating 65 Benchmark*","FINAL TOUCH & CAMINO ROCOSO CHRIS JOHNSON CELEBRATION",10000.00,17:12:00,"N",54.00,"Unrestricted","Rating 65","unrestricted","hcp","Dead",4,"Showery",348922,9,2,"Pure Class","5","m",56.00,7,1.38.65,0.35.07,3.20," ","Kenny Moore","Rangiora",15.90,0.00,200.00,"Rahul Beeharry",53.00,3.00,61,0,0,"Approved Plates, Butterfly Bit, Blinkers, Bandages, Tongue Tie",265282,"OCEAN PARK (NZ) 2008",232549,"MYSTIFY (NZ) 2002",
49655,2021-01-21,6,"Riccarton Park","Industry","Race","Riccarton Park - Canterbury JC","CANTERBURY JC 21 JAN","Dead",4,"Showery","True",210428,8,,Flat,1600,"Rating 65 Benchmark*","FINAL TOUCH & CAMINO ROCOSO CHRIS JOHNSON CELEBRATION",10000.00,17:12:00,"N",54.00,"Unrestricted","Rating 65","unrestricted","hcp","Dead",4,"Showery",329245,10,7,"Effervescent","6","g",56.00,12,1.39.56,0.36.14,8.90," ","Stephen Marsh","Cambridge",38.00,0.00,200.00,"Brett Murray",56.00,0.00,57,0,0,"Approved Plates, Lugging Bit, Visor Blinkers, Tongue Tie",193564,"PENTIRE (GB) 1992",259344,"LA GRANDE DAME (NZ) 2007",
49655,2021-01-21,6,"Riccarton Park","Industry","Race","Riccarton Park - Canterbury JC","CANTERBURY JC 21 JAN","Dead",4,"Showery","True",210428,8,,Flat,1600,"Rating 65 Benchmark*","FINAL TOUCH & CAMINO ROCOSO CHRIS JOHNSON CELEBRATION",10000.00,17:12:00,"N",54.00,"Unrestricted","Rating 65","unrestricted","hcp","Dead",4,"Showery",354014,11,12,"Vardon Road","4","m",55.50,9,1.38.91,0.34.77,4.80," ","Andrew Carston","Riccarton Park",10.30,0.00,200.00,"Krishna Mudhoo",55.50,0.00,60,0,0,"Approved Plates, Lugging Bit, Blinkers on",300453,"ATLANTE (AUS) 2010",238276,"TANZER (NZ) 2003",
49655,2021-01-21,6,"Riccarton Park","Industry","Race","Riccarton Park - Canterbury JC","CANTERBURY JC 21 JAN","Dead",4,"Showery","True",210428,8,,Flat,1600,"Rating 65 Benchmark*","FINAL TOUCH & CAMINO ROCOSO CHRIS JOHNSON CELEBRATION",10000.00,17:12:00,"N",54.00,"Unrestricted","Rating 65","unrestricted","hcp","Dead",4,"Showery",349541,12,14,"Top Ofthe Straight","5","g",55.50,14,1.40.01,0.35.97,11.70," ","Les and Richard Didham","Riccarton Park",19.80,0.00,200.00,"Courtney Barnes",55.50,0.00,56,0,0,"Approved Plates, Concussion Plates (Front), Lugging Bit, Blinkers",244648,"BACHELOR DUKE (USA) 2001",248306,"RUMOUR HAS IT NOW (NZ) 2005",
49655,2021-01-21,6,"Riccarton Park","Industry","Race","Riccarton Park - Canterbury JC","CANTERBURY JC 21 JAN","Dead",4,"Showery","True",210428,8,,Flat,1600,"Rating 65 Benchmark*","FINAL TOUCH & CAMINO ROCOSO CHRIS JOHNSON CELEBRATION",10000.00,17:12:00,"N",54.00,"Unrestricted","Rating 65","unrestricted","hcp","Dead",4,"Showery",303420,13,5,"Lady Byron","8","m",54.00,8,1.38.87,0.34.61,4.60," ","Danny Frye","Balcairn",55.60,0.00,200.00,"Akshay Balloo",54.00,0.00,55,0,0,"Approved Plates, Tongue Control Bit, Visor Blinkers",216831,"HOWBADDOUWANTIT (USA) 1995",211276,"LADY COLLEEN (NZ) 1999",
49655,2021-01-21,6,"Riccarton Park","Industry","Race","Riccarton Park - Canterbury JC","CANTERBURY JC 21 JAN","Dead",4,"Showery","True",210428,8,,Flat,1600,"Rating 65 Benchmark*","FINAL TOUCH & CAMINO ROCOSO CHRIS JOHNSON CELEBRATION",10000.00,17:12:00,"N",54.00,"Unrestricted","Rating 65","unrestricted","hcp","Dead",4,"Showery",334126,14,8,"Secretaria","6","m",54.00,5,1.38.44,0.34.58,1.90," ","Stephanie Clark","Timaru",61.70,0.00,200.00,"Tina Comignaghi",54.00,0.00,55,0,0,"Approved Plates, Lugging Bit, Blinkers, Tongue Tie",225552,"POSTPONED (USA) 1997",287611,"ESPRESSO CAVALLO (AUS) 2005",
